{
  "summary": [
    {
      "precision": "fp16",
      "mean_rank_reduction_pct": 6.453333333333333,
      "std_dev_rank_reduction_pct": 1.5593054009184133,
      "min_rank_reduction_pct": 4.76,
      "max_rank_reduction_pct": 7.83,
      "num_runs": 3,
      "mean_baseline_perplexity": 6391.334123672747,
      "std_dev_baseline_perplexity": 0.0,
      "min_baseline_perplexity": 6391.334123672747,
      "max_baseline_perplexity": 6391.334123672747,
      "mean_post_attack_perplexity": 264165.7230747411,
      "std_dev_post_attack_perplexity": 316739.19641374494,
      "min_post_attack_perplexity": 49772.5572871202,
      "max_post_attack_perplexity": 627975.6267305419,
      "mean_perplexity_increase_pct": 4033.1859352541496,
      "std_dev_perplexity_increase_pct": 4955.7602573237455,
      "min_perplexity_increase_pct": 678.7506696413902,
      "max_perplexity_increase_pct": 9725.423214921502
    },
    {
      "precision": "8bit",
      "mean_rank_reduction_pct": 0.4633333333333333,
      "std_dev_rank_reduction_pct": 0.37687309977409283,
      "min_rank_reduction_pct": 0.11,
      "max_rank_reduction_pct": 0.86,
      "num_runs": 3,
      "mean_baseline_perplexity": 6539.987532399412,
      "std_dev_baseline_perplexity": 0.0,
      "min_baseline_perplexity": 6539.987532399412,
      "max_baseline_perplexity": 6539.987532399412,
      "mean_post_attack_perplexity": 12848.436509756555,
      "std_dev_post_attack_perplexity": 3403.0682420548255,
      "min_post_attack_perplexity": 9924.564075774893,
      "max_post_attack_perplexity": 16583.938417998408,
      "mean_perplexity_increase_pct": 96.45964837248977,
      "std_dev_perplexity_increase_pct": 52.03478179730255,
      "min_perplexity_increase_pct": 51.75203357205387,
      "max_perplexity_increase_pct": 153.5775234408442
    },
    {
      "precision": "4bit",
      "mean_rank_reduction_pct": 3.516666666666667,
      "std_dev_rank_reduction_pct": 2.5786882970481977,
      "min_rank_reduction_pct": 0.54,
      "max_rank_reduction_pct": 5.07,
      "num_runs": 3,
      "mean_baseline_perplexity": 6270.286668022645,
      "std_dev_baseline_perplexity": 0.0,
      "min_baseline_perplexity": 6270.286668022645,
      "max_baseline_perplexity": 6270.286668022645,
      "mean_post_attack_perplexity": 9127.7225274946,
      "std_dev_post_attack_perplexity": 2812.4500294815607,
      "min_post_attack_perplexity": 7322.3348559668075,
      "max_post_attack_perplexity": 12368.21590234486,
      "mean_perplexity_increase_pct": 45.57105616947901,
      "std_dev_perplexity_increase_pct": 44.8536116191395,
      "min_perplexity_increase_pct": 16.778310843576293,
      "max_perplexity_increase_pct": 97.25120328900714
    }
  ],
  "statistical_tests": {
    "anova": {
      "f_statistic": 17.242909971647656,
      "p_value": 0.00325495458383261,
      "significant": true,
      "error": null
    },
    "pairwise": {
      "fp16 vs 8bit": {
        "p_value": 0.0017184928089988365
      },
      "fp16 vs 4bit": {
        "p_value": 0.009493362684389866
      },
      "8bit vs 4bit": {
        "p_value": 0.22147799071178437
      }
    }
  },
  "metadata": {
    "significance_markers": {
      "***": "p < 0.001 (highly significant)",
      "**": "p < 0.01 (very significant)",
      "*": "p < 0.05 (significant)",
      "ns": "p >= 0.05 (not significant)"
    },
    "note": "Significance markers (***, **, *, ns) are used in console output and plots to indicate statistical significance levels"
  }
}