{
  "summary": [
    {
      "treatment": "eigen_prion",
      "mean_rank_reduction_pct": 6.140000000000001,
      "std_dev_rank_reduction_pct": 5.466982714441303,
      "min_rank_reduction_pct": 2.37,
      "max_rank_reduction_pct": 12.41,
      "num_runs": 3,
      "mean_baseline_perplexity": 5206.920241275732,
      "std_dev_baseline_perplexity": 0.0,
      "min_baseline_perplexity": 5206.920241275732,
      "max_baseline_perplexity": 5206.920241275732,
      "mean_post_attack_perplexity": 59472.55601920442,
      "std_dev_post_attack_perplexity": 4253.118939401605,
      "min_post_attack_perplexity": 55918.441707909056,
      "max_post_attack_perplexity": 64184.78341001407,
      "mean_perplexity_increase_pct": 1042.1829654266653,
      "std_dev_perplexity_increase_pct": 81.6820450923512,
      "min_perplexity_increase_pct": 973.9254514528275,
      "max_perplexity_increase_pct": 1132.6822850332032
    },
    {
      "treatment": "gaussian_noise",
      "mean_rank_reduction_pct": 3.07,
      "std_dev_rank_reduction_pct": 0.7554468876102408,
      "min_rank_reduction_pct": 2.33,
      "max_rank_reduction_pct": 3.84,
      "num_runs": 3,
      "mean_baseline_perplexity": 5206.920241275732,
      "std_dev_baseline_perplexity": 0.0,
      "min_baseline_perplexity": 5206.920241275732,
      "max_baseline_perplexity": 5206.920241275732,
      "mean_post_attack_perplexity": 4047.2796167563056,
      "std_dev_post_attack_perplexity": 174.0265858102443,
      "min_post_attack_perplexity": 3898.2852096530237,
      "max_post_attack_perplexity": 4238.5490454204555,
      "mean_perplexity_increase_pct": -22.27114245628057,
      "std_dev_perplexity_increase_pct": 3.3422172367980547,
      "min_perplexity_increase_pct": -25.132611428326463,
      "max_perplexity_increase_pct": -18.597772790505022
    },
    {
      "treatment": "random_text",
      "mean_rank_reduction_pct": 1.5,
      "std_dev_rank_reduction_pct": 0.0,
      "min_rank_reduction_pct": 1.5,
      "max_rank_reduction_pct": 1.5,
      "num_runs": 3,
      "mean_baseline_perplexity": 5206.920241275732,
      "std_dev_baseline_perplexity": 0.0,
      "min_baseline_perplexity": 5206.920241275732,
      "max_baseline_perplexity": 5206.920241275732,
      "mean_post_attack_perplexity": 181.5295054766376,
      "std_dev_post_attack_perplexity": 0.0,
      "min_post_attack_perplexity": 181.5295054766376,
      "max_post_attack_perplexity": 181.5295054766376,
      "mean_perplexity_increase_pct": -96.51368761062179,
      "std_dev_perplexity_increase_pct": 0.0,
      "min_perplexity_increase_pct": -96.51368761062179,
      "max_perplexity_increase_pct": -96.51368761062179
    }
  ],
  "statistical_tests": {
    "anova": {
      "f_statistic": 1.6237688102276573,
      "p_value": 0.2731337898885851,
      "significant": false,
      "error": null
    },
    "pairwise": {
      "eigen_prion vs gaussian_noise": {
        "p_value": 0.222584333980616
      },
      "eigen_prion vs random_text": {
        "p_value": 0.6610219724360741
      },
      "gaussian_noise vs random_text": {
        "p_value": 0.00046896146711720565
      }
    }
  },
  "metadata": {
    "significance_markers": {
      "***": "p < 0.001 (highly significant)",
      "**": "p < 0.01 (very significant)",
      "*": "p < 0.05 (significant)",
      "ns": "p >= 0.05 (not significant)"
    },
    "note": "Significance markers (***, **, *, ns) are used in console output and plots to indicate statistical significance levels"
  }
}